po_number,issue_date,requisition,pr_title,supplier,vendor,n_lines,currency,po_total,po_total_sgd,dominant_category,wbs,gl_name,requester,po_status,source_pdf
9100268265,2025-09-19,PR669163,PCR,Sigma-Aldrich Pte Ltd,Merck / Sigma-Aldrich,3,SGD,837.44,837.44,Lab Consumables & Plastics,03INS002449C220OOE02,Other expenses,Zhao Xueting,Received,9100268265.pdf
9100268266,2025-09-19,PR669163,PCR,Life Technologies Holdings Pte Ltd,Thermo Fisher Scientific,1,SGD,1570.69,1570.69,Cell Culture,03INS002449C220OOE02,Other expenses,Zhao Xueting,Received,9100268266.pdf
9100268267,2025-09-19,PR669163,PCR,BIO BASIC ASIA PACIFIC PTE. LTD.,BIO BASIC ASIA PACIFIC,1,SGD,272.5,272.5,Chemicals & Small Molecules,03INS002449C220OOE02,Other expenses,Zhao Xueting,Received,9100268267.pdf
9100270703,2025-10-06,PR673241,bio-rad,KYBERLIFE PTE LTD,KYBERLIFE,1,SGD,369.9,369.9,Equipment & Instruments,03INS002449C220OOE02,Other expenses,Zhao Xueting,Received,9100270703.pdf
9100273892,2025-10-28,PR678356,nest,"Wuxi NEST Biotechnology Co., Ltd.",NEST Biotechnology,1,USD,2758.88,3586.54,Lab Consumables & Plastics,03INS002449C220OOE02,Teaching materials/Lab and research consumables,Zhao Xueting,Received,9100273892.pdf
9100274711,2025-11-03,PR679830,Water Heating Bath Wasserbad 18L 99°C + 10kg Beads,KYBERLIFE PTE LTD,KYBERLIFE,3,SGD,1902.3,1902.3,Shipping & Fees,03INS002449C220EQT01,Teaching materials/Lab and research consumables,Zhao Xueting,Received,9100274711.pdf
9100275902,2025-11-11,PR681642,installation of vacuum,GAIA SCIENCE PTE LTD,GAIA SCIENCE,1,SGD,436.0,436.0,Facilities & Maintenance,03INS002449C220OOE04,Other expenses,Zhao Xueting,Received,9100275902.pdf
9100278178,2025-11-27,PR685072,Crating service for shipment,KYBERLIFE PTE LTD,KYBERLIFE,2,SGD,2165.41,2165.41,Shipping & Fees,03INS002449C220EQT01,Teaching materials/Lab and research consumables,Zhao Xueting,Received,9100278178.pdf
9100280535,2025-12-15,PR689400,PT179,PROBIOSCIENCE TECHNOLOGIES,ProBioScience,1,SGD,357.79,357.79,Chemicals & Small Molecules,03INS002449C220OOE02,Teaching materials/Lab and research consumables,Zhao Xueting,Received,9100280535.pdf
9100280567,2025-12-15,PR689456,CYTOFIX/CYTOPERM BUF KIT,ZUELLIG PHARMA PTE. LTD.,Zuellig Pharma,1,SGD,533.66,533.66,Enzymes & Molecular Biology,03INS002449C220OOE02,Teaching materials/Lab and research consumables,Zhao Xueting,Received,9100280567.pdf
9100282042,2025-12-31,PR691117,Rocker 400 Oil Free Vacuum Pump,SPECTRA-TEKNIK (S) PTE LTD,SPECTRA-TEKNIK (S),1,SGD,1711.3,1711.3,Equipment & Instruments,03INS002449C220EQT01,Teaching materials/Lab and research consumables,Zhao Xueting,Received,9100282042.pdf
9100283631,2026-01-12,PR694024,matrigel,Sigma-Aldrich Pte Ltd,Merck / Sigma-Aldrich,1,SGD,1427.9,1427.9,Cell Culture,03INS002449C220OOE02,Teaching materials/Lab and research consumables,Zhao Xueting,Received,9100283631.pdf
9100283719,2026-01-13,PR694318,Laminin-521 And cloneR2,STEMCELL TECHNOLOGIES SINGAPORE,STEMCELL Technologies,1,SGD,656.18,656.18,Cell Culture,03INS002449C220OOE02,Teaching materials/Lab and research consumables,Zhao Xueting,Received,9100283719.pdf
9100283865,2026-01-13,PR694734,40% PEG8000 (w/v)  1.2M NaCl - 1L,"BOSTON BIOPRODUCTS, INC",Boston BioProducts,1,USD,825.0,1072.5,Chemicals & Small Molecules,03INS002449C220OOE02,Teaching materials/Lab and research consumables,Zhao Xueting,Received,9100283865.pdf
9100285347,2026-01-22,PR697118,teln,NEW ENGLAND BIOLABS PTE LTD,NEB,1,SGD,166.77,166.77,Enzymes & Molecular Biology,03INS002449C220OOE02,Teaching materials/Lab and research consumables,Zhao Xueting,Received,9100285347.pdf
9100285348,2026-01-22,PR697103,biobasic,BIO BASIC ASIA PACIFIC PTE. LTD.,BIO BASIC ASIA PACIFIC,1,SGD,2180.0,2180.0,Enzymes & Molecular Biology,03INS002449C220OOE02,Teaching materials/Lab and research consumables,Zhao Xueting,Received,9100285348.pdf
9100286024,2026-01-27,PR698465,sox2 antibody,SINGLAB TECHNOLOGIES PTE LTD,SINGLAB TECHNOLOGIES,1,SGD,480.69,480.69,Proteins & Antibodies,03INS002449C220OOE02,Teaching materials/Lab and research consumables,Zhao Xueting,Received,9100286024.pdf
9100286844,2026-01-30,PR699771,repliQa HiFi ToughMix  25R,DKSH Singapore Pte Ltd,DKSH,1,SGD,695.04,695.04,Enzymes & Molecular Biology,03INS002449C220OOE02,Teaching materials/Lab and research consumables,KHOR KAI HE,Received,9100286844.pdf
9100287292,2026-02-03,PR700441,Beakers  bench disposal stands and Storage Bins,TTM SCIENTIFIC SUPPLY PTE LTD,TTM SCIENTIFIC SUPPLY,1,SGD,440.92,440.92,Lab Consumables & Plastics,03INS002449C220OOE02,Teaching materials/Lab and research consumables,KHOR KAI HE,Received,9100287292.pdf
9100287656,2026-02-05,PR701121,ultra low attachment plates,Sigma-Aldrich Pte Ltd,Merck / Sigma-Aldrich,2,SGD,698.69,698.69,Lab Consumables & Plastics,03INS002449C220OOE02,Teaching materials/Lab and research consumables,Zhao Xueting,Received,9100287656.pdf
9100287823,2026-02-05,PR701381,Incubator Trays,SCIMED (ASIA) PTE LTD,SCIMED (ASIA),1,SGD,1308.0,1308.0,Equipment & Instruments,03INS002449C220EQT01,Teaching materials/Lab and research consumables,KHOR KAI HE,Received,9100287823.pdf
9100288467,2026-02-10,PR702459,thermofisher antibodies,Life Technologies Holdings Pte Ltd,Thermo Fisher Scientific,5,SGD,2329.33,2329.33,Proteins & Antibodies,03INS002449C220OOE02,Teaching materials/Lab and research consumables,Zhao Xueting,Received,9100288467.pdf
9100288705,2026-02-11,PR702759,DNBSEQ,BGI TECH SOLUTIONS (HONG KONG),BGI,3,SGD,995.0,995.0,Sequencing & External Services,03INS002449C220OOE02,Teaching materials/Lab and research consumables,Zhao Xueting,Received,9100288705.pdf
9100289720,2026-02-20,PR704312,cryolables,GA International INC.,GA International,1,USD,706.8,918.84,Lab Consumables & Plastics,03INS002449C220OOE02,Teaching materials/Lab and research consumables,Zhao Xueting,Received,9100289720.pdf
9100289760,2026-02-21,PR704393,PU Clear Tubing for CO2 Incubator,JOINT ANALYTICAL SYSTEMS (S) PTE,JOINT ANALYTICAL SYSTEMS (S),2,SGD,2049.2,2049.2,Equipment & Instruments,03INS002449C220OOE02,Teaching materials/Lab and research consumables,Zhao Xueting,Received,9100289760.pdf
9100290751,2026-02-27,PR705927,Orbital Shaker and Sockets,TTM SCIENTIFIC SUPPLY PTE LTD,TTM SCIENTIFIC SUPPLY,1,SGD,477.68,477.68,Equipment & Instruments,03INS002449C220OOE02,Teaching materials/Lab and research consumables,KHOR KAI HE,Received,9100290751.pdf
9100291021,2026-03-02,PR706441,GMEM,Life Technologies Holdings Pte Ltd,Thermo Fisher Scientific,1,SGD,173.96,173.96,Cell Culture,03INS002449C220OOE02,Asset Expense - Furniture & Equipment,Zhao Xueting,Received,9100291021.pdf
9100291080,2026-03-02,PR706354,AgeI,NEW ENGLAND BIOLABS PTE LTD,NEB,1,SGD,164.81,164.81,Enzymes & Molecular Biology,03INS002449C220OOE02,Other expenses,Zhao Xueting,Received,9100291080.pdf
9100291081,2026-03-02,PR706499,KSR,Life Technologies Holdings Pte Ltd,Thermo Fisher Scientific,1,SGD,1381.03,1381.03,Cell Culture,03INS002449C220OOE02,Other expenses,Zhao Xueting,Received,9100291081.pdf
9100291470,2026-03-04,PR707245,VAZYME Kit,VAZYME BIOTECHNOLOGY SINGAPORE PTE,VAZYME BIOTECHNOLOGY,1,SGD,365.15,365.15,Enzymes & Molecular Biology,03INS002449C220OOE02,Teaching materials/Lab and research consumables,Zhao Xueting,Received,9100291470.pdf
9100291520,2026-03-04,PR707359,plasmidsaurus,Plasmidsaurus Inc.,Plasmidsaurus,1,USD,3000.0,3900.0,Sequencing & External Services,03INS002449C220OOE02,Teaching materials/Lab and research consumables,Zhao Xueting,Received,9100291520.pdf
9100292035,2026-03-06,PR708183,IPSC  KOLF2.2J,The Jackson Laboratory.,Jackson Laboratory,1,USD,2527.0,3285.1,Cell Culture,03INS002449C220OOE02,Teaching materials/Lab and research consumables,Zhao Xueting,Received,9100292035.pdf
9100292036,2026-03-06,PR708179,Corning® aspiration pipettes,Sigma-Aldrich Pte Ltd,Merck / Sigma-Aldrich,1,SGD,286.67,286.67,Lab Consumables & Plastics,03INS002449C220OOE02,Teaching materials/Lab and research consumables,Zhao Xueting,Received,9100292036.pdf
9100292292,2026-03-09,PR708638,cas9 antibody,SINGLAB TECHNOLOGIES PTE LTD,SINGLAB TECHNOLOGIES,1,SGD,794.61,794.61,Proteins & Antibodies,03INS002449C220OOE02,Teaching materials/Lab and research consumables,Zhao Xueting,Received,9100292292.pdf
9100292300,2026-03-09,PR708350,r3.1,NEW ENGLAND BIOLABS PTE LTD,NEB,1,SGD,56.9,56.9,Enzymes & Molecular Biology,03INS002449C220OOE02,Teaching materials/Lab and research consumables,Zhao Xueting,Received,9100292300.pdf
9100292301,2026-03-09,PR708349,XmaI,NEW ENGLAND BIOLABS PTE LTD,NEB,1,SGD,156.96,156.96,Enzymes & Molecular Biology,03INS002449C220OOE02,Teaching materials/Lab and research consumables,Zhao Xueting,Received,9100292301.pdf
9100292387,2026-03-09,PR708744,Kyberlife,KYBERLIFE PTE LTD,KYBERLIFE,1,SGD,5995.0,5995.0,Lab Consumables & Plastics,03INS002449C220EQT01,Teaching materials/Lab and research consumables,Zhao Xueting,Ordered,9100292387.pdf
9100292665,2026-03-10,PR709161,IDT orders,INTEGRATED DNA TECHNOLOGIES,IDT,2,SGD,141.7,141.7,Oligos & Synthetic DNA,03INS002449C220OOE02,Teaching materials/Lab and research consumables,Zhao Xueting,Received,9100292665.pdf
9100293268,2026-03-13,PR710037,twist DNA,Twist Bioscience Corporation,Twist Bioscience,1,USD,70.0,91.0,Oligos & Synthetic DNA,03INS002449C220OOE02,Teaching materials/Lab and research consumables,Zhao Xueting,Received,9100293268.pdf
9100293275,2026-03-13,PR709972,mesDA protocol,Life Technologies Holdings Pte Ltd,Thermo Fisher Scientific,3,SGD,497.5,497.5,Cell Culture,03INS002449C220OOE02,Teaching materials/Lab and research consumables,MC MORROW AIDAN HENRYK,Receiving,9100293275.pdf
9100293519,2026-03-16,PR710477,hydrophobic barrier pen immunohistochemistry,TTM SCIENTIFIC SUPPLY PTE LTD,TTM SCIENTIFIC SUPPLY,1,SGD,123.38,123.38,Chemicals & Small Molecules,03INS002449C220OOE02,Teaching materials/Lab and research consumables,Zhao Xueting,Received,9100293519.pdf
9100293622,2026-03-16,PR710649,TelN prototelomerase,NEW ENGLAND BIOLABS PTE LTD,NEB,1,SGD,166.77,166.77,Enzymes & Molecular Biology,03INS002449C220OOE02,Teaching materials/Lab and research consumables,KHOR KAI HE,Received,9100293622.pdf
9100293762,2026-03-17,PR710861,donkey serum,Sigma-Aldrich Pte Ltd,Merck / Sigma-Aldrich,1,SGD,106.93,106.93,Proteins & Antibodies,03INS002449C220OOE02,Teaching materials/Lab and research consumables,Zhao Xueting,Received,9100293762.pdf
9100293959,2026-03-18,PR710862,sgCD81-PE antibody,GENOMAX TECHNOLOGIES PTE. LTD.,GENOMAX TECHNOLOGIES,1,SGD,226.72,226.72,Proteins & Antibodies,03INS002449C220OOE02,Teaching materials/Lab and research consumables,Zhao Xueting,Received,9100293959.pdf
9100294301,2026-03-19,PR711684,Miltenyi Biotec mesDA Order,MILTENYI BIOTEC ASIA PACIFIC,MILTENYI BIOTEC ASIA PACIFIC,2,SGD,1499.3,1499.3,Proteins & Antibodies,03INS002449C220OOE02,Teaching materials/Lab and research consumables,MC MORROW AIDAN HENRYK,Received,9100294301.pdf
9100294394,2026-03-20,PR711805,heparin lactate,Sigma-Aldrich Pte Ltd,Merck / Sigma-Aldrich,2,SGD,422.92,422.92,Chemicals & Small Molecules,03INS002449C220OOE02,Teaching materials/Lab and research consumables,Zhao Xueting,Received,9100294394.pdf
9100294432,2026-03-20,PR711899,accutase,Life Technologies Holdings Pte Ltd,Thermo Fisher Scientific,1,SGD,192.93,192.93,Cell Culture,03INS002449C220OOE02,Teaching materials/Lab and research consumables,Zhao Xueting,Received,9100294432.pdf
9100295124,2026-03-25,PR712929,matrigel,Sigma-Aldrich Pte Ltd,Merck / Sigma-Aldrich,1,SGD,1427.9,1427.9,Cell Culture,03INS002449C220OOE02,Asset Expense - Furniture & Equipment,Zhao Xueting,Received,9100295124.pdf
9100296375,2026-04-07,PR715469,mesDA Antibodies from Singlab,SINGLAB TECHNOLOGIES PTE LTD,SINGLAB TECHNOLOGIES,4,SGD,1601.21,1601.21,Proteins & Antibodies,03INS002449C220OOE02,Teaching materials/Lab and research consumables,MC MORROW AIDAN HENRYK,Received,9100296375.pdf
9100296376,2026-04-07,PR714070,LMX1A,Merck Pte Ltd,Merck,1,SGD,970.1,970.1,Proteins & Antibodies,03INS002449C220OOE02,Teaching materials/Lab and research consumables,MC MORROW AIDAN HENRYK,Received,9100296376.pdf
9100296607,2026-04-08,PR715808,dpbs not cts,Life Technologies Holdings Pte Ltd,Thermo Fisher Scientific,1,SGD,43.6,43.6,Cell Culture,03INS002449C220OOE02,Teaching materials/Lab and research consumables,MC MORROW AIDAN HENRYK,Received,9100296607.pdf
9100296951,2026-04-09,PR716282,HSA,Sigma-Aldrich Pte Ltd,Merck / Sigma-Aldrich,1,SGD,297.57,297.57,Proteins & Antibodies,03INS002449C220OOE02,Teaching materials/Lab and research consumables,MC MORROW AIDAN HENRYK,Received,9100296951.pdf
9100296966,2026-04-09,PR716346,chir,Sigma-Aldrich Pte Ltd,Merck / Sigma-Aldrich,1,SGD,202.74,202.74,Chemicals & Small Molecules,03INS002449C220OOE02,Teaching materials/Lab and research consumables,MC MORROW AIDAN HENRYK,Received,9100296966.pdf
9100297532,2026-04-13,PR717245,cas9,INTEGRATED DNA TECHNOLOGIES,IDT,1,SGD,345.53,345.53,Oligos & Synthetic DNA,03INS002449C220OOE02,Teaching materials/Lab and research consumables,Zhao Xueting,Received,9100297532.pdf
9100298364,2026-04-17,PR718627,mTeSR,STEMCELL TECHNOLOGIES SINGAPORE,STEMCELL Technologies,1,SGD,5076.68,5076.68,Cell Culture,03INS002449C220OOE02,Teaching materials/Lab and research consumables,Zhao Xueting,Received,9100298364.pdf
9100298794,2026-04-21,PR719436,PT179,PROBIOSCIENCE TECHNOLOGIES,ProBioScience,1,SGD,1165.25,1165.25,Chemicals & Small Molecules,03INS002449C220OOE02,Teaching materials/Lab and research consumables,Zhao Xueting,Received,9100298794.pdf
9100298992,2026-04-22,PR719783,Exonuclease V,NEW ENGLAND BIOLABS PTE LTD,NEB,1,SGD,176.58,176.58,Enzymes & Molecular Biology,03INS002449C220OOE02,Other expenses,KHOR KAI HE,Received,9100298992.pdf
9100299136,2026-04-23,PR720027,Ascorbic acid,Sigma-Aldrich Pte Ltd,Merck / Sigma-Aldrich,1,SGD,192.93,192.93,Chemicals & Small Molecules,03INS002449C220OOE02,Teaching materials/Lab and research consumables,MC MORROW AIDAN HENRYK,Received,9100299136.pdf
9100299477,2026-04-24,PR720368,ACCUTASE,"Innovative Cell Technologies, Inc",Innovative Cell Technologies,1,USD,1500.0,1950.0,Cell Culture,03INS002449C220OOE02,Teaching materials/Lab and research consumables,Zhao Xueting,Ordered,9100299477.pdf
9100299478,2026-04-24,PR720368,ACCUTASE,"Innovative Cell Technologies, Inc",Innovative Cell Technologies,2,SGD,351.0,351.0,Cell Culture,03INS002449C220OOE02,Teaching materials/Lab and research consumables,Zhao Xueting,Ordered,9100299478.pdf
9100300484,2026-05-03,PR720911,accutase,Life Technologies Holdings Pte Ltd,Thermo Fisher Scientific,1,SGD,192.93,192.93,Cell Culture,03INS002449C220OOE02,Teaching materials/Lab and research consumables,Zhao Xueting,Received,9100300484.pdf
9100300486,2026-05-03,PR721546,EnClose TelN,NEW ENGLAND BIOLABS PTE LTD,NEB,1,SGD,172.66,172.66,Enzymes & Molecular Biology,03INS002449C220OOE02,Teaching materials/Lab and research consumables,KHOR KAI HE,Received,9100300486.pdf
9100300779,2026-05-05,PR722773,Wrench 12',HORME HARDWARE PTE LTD,HORME HARDWARE,1,SGD,6.0,6.0,Equipment & Instruments,03INS002449C220OOE02,Other expenses,KHOR KAI HE,Ordered,9100300779.pdf
9100301014,2026-05-06,PR723133,Tris buffer,Life Technologies Holdings Pte Ltd,Thermo Fisher Scientific,1,SGD,106.82,106.82,Enzymes & Molecular Biology,03INS002449C220OOE02,Teaching materials/Lab and research consumables,Zhao Xueting,Received,9100301014.pdf
9100302277,2026-05-13,PR725026,TelN New Primers,INTEGRATED DNA TECHNOLOGIES,IDT,2,SGD,145.42,145.42,Oligos & Synthetic DNA,03INS002449C220OOE02,Teaching materials/Lab and research consumables,KHOR KAI HE,Received,9100302277.pdf
9100302785,2026-05-15,PR724854,Thermo mesDA Reagents,Life Technologies Holdings Pte Ltd,Thermo Fisher Scientific,3,SGD,872.0,872.0,Proteins & Antibodies,03INS002449C220OOE02,Teaching materials/Lab and research consumables,MC MORROW AIDAN HENRYK,Receiving,9100302785.pdf
9100302920,2026-05-18,PR726140,TF staining buffer set,MILTENYI BIOTEC ASIA PACIFIC,MILTENYI BIOTEC ASIA PACIFIC,1,SGD,486.14,486.14,Enzymes & Molecular Biology,03INS002449C220OOE02,Teaching materials/Lab and research consumables,Zhao Xueting,Received,9100302920.pdf
9100302921,2026-05-18,PR725952,ASD Oligo Pool Twist,Twist Bioscience Corporation,Twist Bioscience,1,USD,3175.0,4127.5,Oligos & Synthetic DNA,03INS002449C220OOE02,Teaching materials/Lab and research consumables,MC MORROW AIDAN HENRYK,Received,9100302921.pdf
9100303170,2026-05-19,PR726513,ASD_Screen_CRISPRia_Primers,INTEGRATED DNA TECHNOLOGIES,IDT,4,SGD,263.66,263.66,Oligos & Synthetic DNA,03INS002449C220OOE02,Teaching materials/Lab and research consumables,MC MORROW AIDAN HENRYK,Received,9100303170.pdf
9100303172,2026-05-19,PR726552,PCR cleanup kit,NEW ENGLAND BIOLABS PTE LTD,NEB,1,SGD,703.49,703.49,Enzymes & Molecular Biology,03INS002449C220OOE02,Teaching materials/Lab and research consumables,KHOR KAI HE,Received,9100303172.pdf
9100303425,2026-05-20,PR726767,Secondary Antibody for mesDA Staining,Life Technologies Holdings Pte Ltd,Thermo Fisher Scientific,1,SGD,246.34,246.34,Proteins & Antibodies,03INS002449C220OOE02,Teaching materials/Lab and research consumables,MC MORROW AIDAN HENRYK,Received,9100303425.pdf
9100303427,2026-05-20,PR726695,Cuvettes,Bio-Rad Laboratories (Singapore) Pte Ltd,Bio-Rad,1,SGD,451.26,451.26,Cell Culture,03INS002449C220OOE02,Teaching materials/Lab and research consumables,MC MORROW AIDAN HENRYK,Received,9100303427.pdf
9100303740,2026-05-21,PR727255,dbCAMP from Probioscience,PROBIOSCIENCE TECHNOLOGIES,ProBioScience,1,SGD,417.97,417.97,Chemicals & Small Molecules,03INS002449C220OOE02,Other expenses,MC MORROW AIDAN HENRYK,Received,9100303740.pdf
9100303745,2026-05-21,PR727258,mTeSR Q-676755,STEMCELL TECHNOLOGIES SINGAPORE,STEMCELL Technologies,1,SGD,5168.24,5168.24,Cell Culture,03INS002449C220OOE02,Teaching materials/Lab and research consumables,Zhao Xueting,Received,9100303745.pdf
9100303790,2026-05-22,PR727518,mluI,NEW ENGLAND BIOLABS PTE LTD,NEB,1,SGD,156.96,156.96,Enzymes & Molecular Biology,03INS002449C220OOE02,Other expenses,Zhao Xueting,Received,9100303790.pdf
9100303829,2026-05-22,PR727580,Laminin-521,Life Technologies Holdings Pte Ltd,Thermo Fisher Scientific,1,SGD,156.96,156.96,Cell Culture,03INS002449C220OOE02,Teaching materials/Lab and research consumables,MC MORROW AIDAN HENRYK,Received,9100303829.pdf
9100303830,2026-05-22,PR727577,DAPT,AXIL SCIENTIFIC PTE LTD,AXIL SCIENTIFIC,1,SGD,146.06,146.06,Chemicals & Small Molecules,03INS002449C220OOE02,Teaching materials/Lab and research consumables,MC MORROW AIDAN HENRYK,Received,9100303830.pdf
9100303879,2026-05-22,PR727675,KAPA SYBR FAST,Sigma-Aldrich Pte Ltd,Merck / Sigma-Aldrich,1,SGD,330.82,330.82,Enzymes & Molecular Biology,03INS002449C220OOE02,Other expenses,MC MORROW AIDAN HENRYK,Received,9100303879.pdf
9100304035,2026-05-25,PR727874,Doggybone Trial,INTEGRATED DNA TECHNOLOGIES,IDT,8,SGD,121.99,121.99,Oligos & Synthetic DNA,03INS002449C220OOE02,Teaching materials/Lab and research consumables,KHOR KAI HE,Received,9100304035.pdf
9100304109,2026-05-25,PR727529,sgRNA-safe harbor,INTEGRATED DNA TECHNOLOGIES,IDT,4,SGD,685.61,685.61,Oligos & Synthetic DNA,03INS002449C220OOE02,Teaching materials/Lab and research consumables,Zhao Xueting,Received,9100304109.pdf
9100304410,2026-05-27,PR728458,Esp3I & PaqCI,NEW ENGLAND BIOLABS PTE LTD,NEB,2,SGD,408.1,408.1,Enzymes & Molecular Biology,03INS002449C220OOE02,Teaching materials/Lab and research consumables,KHOR KAI HE,Received,9100304410.pdf
9100304411,2026-05-27,PR728247,ezDNAse,Life Technologies Holdings Pte Ltd,Thermo Fisher Scientific,1,SGD,386.95,386.95,Enzymes & Molecular Biology,03INS002449C220OOE02,Teaching materials/Lab and research consumables,MC MORROW AIDAN HENRYK,Received,9100304411.pdf
9100304413,2026-05-27,PR728482,Corning Ultra Low Attachment Plates,Sigma-Aldrich Pte Ltd,Merck / Sigma-Aldrich,1,SGD,344.44,344.44,Lab Consumables & Plastics,03INS002449C220OOE02,Other expenses,KHOR KAI HE,Received,9100304413.pdf
9100304744,2026-05-29,PR728839,Neurocult x6 (buy 5 get 1 free),STEMCELL TECHNOLOGIES SINGAPORE,STEMCELL Technologies,2,SGD,1251.32,1251.32,Cell Culture,03INS002449C220OOE02,Teaching materials/Lab and research consumables,MC MORROW AIDAN HENRYK,Received,9100304744.pdf
9100304845,2026-05-31,PR729153,Poly-ʟ-Ornithine,Sigma-Aldrich Pte Ltd,Merck / Sigma-Aldrich,1,SGD,258.33,258.33,Cell Culture,03INS002449C220OOE02,Other expenses,KHOR KAI HE,Received,9100304845.pdf
9100305488,2026-06-05,PR730186,Hairpin+primers,INTEGRATED DNA TECHNOLOGIES,IDT,25,SGD,448.28,448.28,Oligos & Synthetic DNA,03INS002449C220OOE02,Teaching materials/Lab and research consumables,KHOR KAI HE,Received,9100305488.pdf
9100306191,2026-06-09,PR731269,DNA stain dye,AXIL SCIENTIFIC PTE LTD,AXIL SCIENTIFIC,1,SGD,149.88,149.88,Chemicals & Small Molecules,03INS002449C220OOE02,Teaching materials/Lab and research consumables,Zhao Xueting,Received,9100306191.pdf
9100306196,2026-06-10,PR731296,BSC relocate,TECHNICAIR SINGAPORE SERVICES PTE.,TECHNICAIR SERVICES,2,SGD,1300.0,1300.0,Facilities & Maintenance,03INS002449C220OOE04,Other expenses,Zhao Xueting,Received,9100306196.pdf
9100306374,2026-06-10,PR731572,Twist gblock poly A,Twist Bioscience Corporation,Twist Bioscience,1,USD,35.0,45.5,Oligos & Synthetic DNA,03INS002449C220OOE02,Other expenses,KHOR KAI HE,Received,9100306374.pdf
9100306395,2026-06-10,PR731611,Monarch buy 2 free 1 event,NEW ENGLAND BIOLABS PTE LTD,NEB,3,SGD,2102.72,2102.72,Enzymes & Molecular Biology,03INS002449C220OOE02,Other expenses,KHOR KAI HE,Received,9100306395.pdf
9100306410,2026-06-10,PR731667,Twist gblock Dr Chen Gao Bin,Twist Bioscience Corporation,Twist Bioscience,1,USD,48.93,63.61,Oligos & Synthetic DNA,03INS002449C220OOE02,Other expenses,KHOR KAI HE,Received,9100306410.pdf
9100306910,2026-06-15,PR728840,qPCR Plates,Life Technologies Holdings Pte Ltd,Thermo Fisher Scientific,1,SGD,234.35,234.35,Lab Consumables & Plastics,03INS002449C220OOE02,Teaching materials/Lab and research consumables,MC MORROW AIDAN HENRYK,Received,9100306910.pdf
9100306950,2026-06-15,PR732633,SOC recovery medium,Life Technologies Holdings Pte Ltd,Thermo Fisher Scientific,1,SGD,187.48,187.48,Cell Culture,03INS002449C220OOE02,Other expenses,KHOR KAI HE,Received,9100306950.pdf
9100307199,2026-06-16,PR733084,KODone PCR master mix,Sigma-Aldrich Pte Ltd,Merck / Sigma-Aldrich,1,SGD,719.4,719.4,Enzymes & Molecular Biology,03INS002449C220OOE02,Other expenses,Zhao Xueting,Received,9100307199.pdf
9100307586,2026-06-18,PR733706,EN1 Antibody,DEVELOPMENTAL STUDIES HYBRIDOMA BANK,DSHB,1,USD,107.0,139.1,Proteins & Antibodies,03INS002449C220OOE02,Teaching materials/Lab and research consumables,MC MORROW AIDAN HENRYK,Received,9100307586.pdf
9100307686,2026-06-19,PR733779,PAX6_3HA_F7_splitALFA_polyA,INTEGRATED DNA TECHNOLOGIES,IDT,1,SGD,102.51,102.51,Oligos & Synthetic DNA,03INS002450C220OOE02,Teaching materials/Lab and research consumables,Chen Gao Bin,Received,9100307686.pdf
9100307845,2026-06-22,PR734014,mTeSR,STEM CELL SOCIETY SINGAPORE,Stem Cell Society Singapore,1,SGD,3622.5,3622.5,Cell Culture,03INS002449C220OOE02,Teaching materials/Lab and research consumables,Zhao Xueting,Ordered,9100307845.pdf
9100307859,2026-06-22,PR734124,TelN extended primers,INTEGRATED DNA TECHNOLOGIES,IDT,2,SGD,150.62,150.62,Oligos & Synthetic DNA,03INS002449C220OOE02,Teaching materials/Lab and research consumables,KHOR KAI HE,Received,9100307859.pdf
9100307955,2026-06-22,PR734259,TGFb3  FGF8b,Life Technologies Holdings Pte Ltd,Thermo Fisher Scientific,2,SGD,560.26,560.26,Proteins & Antibodies,03INS002449C220OOE02,Teaching materials/Lab and research consumables,MC MORROW AIDAN HENRYK,Receiving,9100307955.pdf
9100307956,2026-06-22,PR734252,zymo RNA miniprep kit,KYBERLIFE PTE LTD,KYBERLIFE,2,SGD,518.35,518.35,Enzymes & Molecular Biology,03INS002449C220OOE02,Other expenses,Zhao Xueting,Received,9100307956.pdf
9100308169,2026-06-23,PR734484,ZYMOPURE PLASMID  MAXIPREP (10 PREPS) RT,SPD SCIENTIFIC PTE LTD,SPD SCIENTIFIC,1,SGD,501.4,501.4,Enzymes & Molecular Biology,03INS002449C220OOE02,Other expenses,KHOR KAI HE,Received,9100308169.pdf
9100308170,2026-06-23,PR734618,Mirus,SCIENCEWERKE PTE LTD,SCIENCEWERKE,1,SGD,741.2,741.2,Cell Culture,03INS002449C220OOE02,Other expenses,KHOR KAI HE,Received,9100308170.pdf
9100308256,2026-06-24,PR734776,Oligo Plate GaoBin,INTEGRATED DNA TECHNOLOGIES,IDT,2,SGD,493.5,493.5,Lab Consumables & Plastics,03INS002449C220OOE02,Teaching materials/Lab and research consumables,KHOR KAI HE,Received,9100308256.pdf
9100308257,2026-06-24,PR734774,GaoBin Oligo,INTEGRATED DNA TECHNOLOGIES,IDT,1,SGD,16.66,16.66,Oligos & Synthetic DNA,03INS002449C220OOE02,Teaching materials/Lab and research consumables,KHOR KAI HE,Ordered,9100308257.pdf
9100308598,2026-06-25,PR734867,FOXG1-100ul,ABCAM SINGAPORE PTE. LTD.,Abcam,1,SGD,814.94,814.94,Proteins & Antibodies,03INS002449C220OOE02,Teaching materials/Lab and research consumables,Zhao Xueting,Received,9100308598.pdf
9100308689,2026-06-25,PR735283,Pansio RNA based Hairpin GCAA,INTEGRATED DNA TECHNOLOGIES,IDT,1,SGD,80.55,80.55,Oligos & Synthetic DNA,03INS002449C220OOE02,Teaching materials/Lab and research consumables,KHOR KAI HE,Received,9100308689.pdf
9100309150,2026-06-29,PR735762,TKR PCR primers,INTEGRATED DNA TECHNOLOGIES,IDT,6,SGD,38.59,38.59,Oligos & Synthetic DNA,03INS002449C220OOE02,Teaching materials/Lab and research consumables,Chen Gao Bin,Ordered,9100309150.pdf
9100309165,2026-06-29,PR736099,twist cre sequence,Twist Bioscience Corporation,Twist Bioscience,1,SGD,158.4,158.4,Oligos & Synthetic DNA,03INS002449C220OOE02,Teaching materials/Lab and research consumables,Zhao Xueting,Received,9100309165.pdf
9100310655,2026-07-09,PR734591,ALDH1A1 antibody,SINGLAB TECHNOLOGIES PTE LTD,SINGLAB TECHNOLOGIES,1,SGD,480.69,480.69,Proteins & Antibodies,03INS002449C220OOE02,Teaching materials/Lab and research consumables,MC MORROW AIDAN HENRYK,Received,9100310655.pdf
9100310656,2026-07-09,PR738581,PaqC1,NEW ENGLAND BIOLABS PTE LTD,NEB,1,SGD,231.52,231.52,Enzymes & Molecular Biology,03INS002449C220OOE02,Teaching materials/Lab and research consumables,MC MORROW AIDAN HENRYK,Received,9100310656.pdf
9100311270,2026-07-13,PR738442,sgRNAs for gene tagging,INTEGRATED DNA TECHNOLOGIES,IDT,10,SGD,1395.2,1395.2,Oligos & Synthetic DNA,03INS002449C220OOE02,Teaching materials/Lab and research consumables,Chen Gao Bin,Received,9100311270.pdf
9100311280,2026-07-13,PR739626,nNFIX-new-primers-Gibson,INTEGRATED DNA TECHNOLOGIES,IDT,2,SGD,14.17,14.17,Oligos & Synthetic DNA,03INS002449C220OOE02,Teaching materials/Lab and research consumables,Chen Gao Bin,Received,9100311280.pdf
9100311302,2026-07-13,PR739666,SYBR,Life Technologies Holdings Pte Ltd,Thermo Fisher Scientific,1,SGD,147.15,147.15,Enzymes & Molecular Biology,03INS002449C220OOE02,Teaching materials/Lab and research consumables,MC MORROW AIDAN HENRYK,Received,9100311302.pdf
9100311303,2026-07-13,PR739650,TH Antibody,CELESTIAL SPHERE TRADING PTE LTD,CELESTIAL SPHERE TRADING,1,SGD,853.1,853.1,Proteins & Antibodies,03INS002449C220OOE02,Teaching materials/Lab and research consumables,MC MORROW AIDAN HENRYK,Received,9100311303.pdf
9100311597,2026-07-15,PR740117,Costar Centrifuge Filters,Sigma-Aldrich Pte Ltd,Merck / Sigma-Aldrich,1,SGD,162.41,162.41,Lab Consumables & Plastics,03INS002449C220OOE02,Teaching materials/Lab and research consumables,MC MORROW AIDAN HENRYK,Received,9100311597.pdf
9100311598,2026-07-15,PR740111,SOX6 Antibody,ABCAM SINGAPORE PTE. LTD.,Abcam,1,SGD,624.41,624.41,Proteins & Antibodies,03INS002449C220OOE02,Teaching materials/Lab and research consumables,MC MORROW AIDAN HENRYK,Received,9100311598.pdf
9100311875,2026-07-16,PR737312,mTeSR,STEMCELL TECHNOLOGIES SINGAPORE,STEMCELL Technologies,1,SGD,3948.53,3948.53,Cell Culture,03INS002449C220OOE02,Teaching materials/Lab and research consumables,Zhao Xueting,Received,9100311875.pdf
9100311882,2026-07-16,PR740611,MCE small molecules,PROBIOSCIENCE TECHNOLOGIES,ProBioScience,5,SGD,208.19,208.19,Chemicals & Small Molecules,03INS002449C220OOE02,Teaching materials/Lab and research consumables,Chen Gao Bin,Received,9100311882.pdf
9100311942,2026-07-16,PR740647,accutase,Life Technologies Holdings Pte Ltd,Thermo Fisher Scientific,1,SGD,137.34,137.34,Cell Culture,03INS002449C220OOE02,Asset Expense - Furniture & Equipment,Zhao Xueting,Received,9100311942.pdf
9100311968,2026-07-16,PR740728,Electroporation Cuvettes 4mm,Sigma-Aldrich Pte Ltd,Merck / Sigma-Aldrich,1,SGD,383.68,383.68,Cell Culture,03INS002449C220OOE02,Teaching materials/Lab and research consumables,Chen Gao Bin,Received,9100311968.pdf
9100312095,2026-07-17,PR735620,Cas nuclease,INTEGRATED DNA TECHNOLOGIES,IDT,1,SGD,293.7,293.7,Oligos & Synthetic DNA,03INS002449C220OOE02,Teaching materials/Lab and research consumables,KHOR KAI HE,Received,9100312095.pdf
9100312818,2026-07-22,PR741876,plasmidsaurus,Plasmidsaurus Inc.,Plasmidsaurus,1,USD,3000.0,3900.0,Sequencing & External Services,03INS002449C220OOE02,Teaching materials/Lab and research consumables,Zhao Xueting,Received,9100312818.pdf
9100313199,2026-07-23,PR742574,Replacement of Existing CKX Lamp Socket,SPECTRATECH PTE. LTD.,SPECTRATECH,1,SGD,381.5,381.5,Facilities & Maintenance,03INS002449C220OOE04,Teaching materials/Lab and research consumables,Chen Gao Bin,Received,9100313199.pdf
9100313229,2026-07-23,PR742656,Primer_Richard,INTEGRATED DNA TECHNOLOGIES,IDT,4,SGD,154.23,154.23,Oligos & Synthetic DNA,03INS002449C220OOE02,Teaching materials/Lab and research consumables,Zhao Xueting,Received,9100313229.pdf
9100313332,2026-07-24,PR742813,Opti-Mem Phenol Free,Life Technologies Holdings Pte Ltd,Thermo Fisher Scientific,1,SGD,279.04,279.04,Cell Culture,03INS002449C220OOE02,Asset Expense - Furniture & Equipment,Chen Gao Bin,Received,9100313332.pdf
9100313444,2026-07-25,PR742979,addgene plasmid,Addgene Inc.,Addgene,1,USD,248.0,322.4,Oligos & Synthetic DNA,03INS002449C220OOE02,Teaching materials/Lab and research consumables,Zhao Xueting,Received,9100313444.pdf
9100313657,2026-07-27,PR741631,Monarch order,NEW ENGLAND BIOLABS PTE LTD,NEB,8,SGD,1968.27,1968.27,Enzymes & Molecular Biology,03INS002449C220OOE02,Teaching materials/Lab and research consumables,MC MORROW AIDAN HENRYK,Received,9100313657.pdf
9100313748,2026-07-28,PR743457,N2 supplement,Life Technologies Holdings Pte Ltd,Thermo Fisher Scientific,1,SGD,157.31,157.31,Cell Culture,03INS002449C220OOE02,Teaching materials/Lab and research consumables,MC MORROW AIDAN HENRYK,Received,9100313748.pdf
9100313821,2026-07-28,PR743598,KOD ONE,Sigma-Aldrich Pte Ltd,Merck / Sigma-Aldrich,1,SGD,719.4,719.4,Enzymes & Molecular Biology,03INS002449C220OOE02,Other expenses,KHOR KAI HE,Received,9100313821.pdf
9100313886,2026-07-28,PR742929,Primers_DoggyBone_PCR,INTEGRATED DNA TECHNOLOGIES,IDT,20,SGD,184.82,184.82,Oligos & Synthetic DNA,03INS002449C220OOE02,Teaching materials/Lab and research consumables,Chen Gao Bin,Received,9100313886.pdf
9100313917,2026-07-28,PR743713,Hairpin C for EcoRI and BamHI,INTEGRATED DNA TECHNOLOGIES,IDT,2,SGD,151.12,151.12,Oligos & Synthetic DNA,03INS002449C220OOE02,Teaching materials/Lab and research consumables,KHOR KAI HE,Received,9100313917.pdf
9100314602,2026-08-03,PR743868,SHH,MILTENYI BIOTEC ASIA PACIFIC,MILTENYI BIOTEC ASIA PACIFIC,1,SGD,1048.04,1048.04,Proteins & Antibodies,03INS002449C220OOE02,Teaching materials/Lab and research consumables,MC MORROW AIDAN HENRYK,Received,9100314602.pdf
9100314859,2026-08-04,PR745204,MIRUS TRANSIT LT,SCIENCEWERKE PTE LTD,SCIENCEWERKE,1,SGD,741.2,741.2,Cell Culture,03INS002449C220OOE02,Other expenses,KHOR KAI HE,Received,9100314859.pdf
9100314866,2026-08-04,PR745246,Bulk taobao order,TTM SCIENTIFIC SUPPLY PTE LTD,TTM SCIENTIFIC SUPPLY,1,SGD,212.43,212.43,Facilities & Maintenance,03INS002449C220OOE02,Other expenses,KHOR KAI HE,Shipped,9100314866.pdf
9100315280,2026-08-06,PR745824,PEIpro,SARTORIUS STEDIM SINGAPORE PTE.,Sartorius,1,SGD,577.7,577.7,Cell Culture,03INS002449C220OOE02,Other expenses,KHOR KAI HE,Received,9100315280.pdf
9100315629,2026-08-10,PR745665,Novex 6% TBE Gel,Life Technologies Holdings Pte Ltd,Thermo Fisher Scientific,1,SGD,397.85,397.85,Lab Consumables & Plastics,03INS002449C220OOE02,Teaching materials/Lab and research consumables,MC MORROW AIDAN HENRYK,Ordered,9100315629.pdf
9100315630,2026-08-10,PR745601,Magnetic beads for DNA purification - 50ML,KYBERLIFE PTE LTD,KYBERLIFE,3,SGD,510.6,510.6,Shipping & Fees,03INS002449C220OOE02,Teaching materials/Lab and research consumables,Zhao Xueting,Received,9100315630.pdf
9100315631,2026-08-10,PR745978,DNA ligase + BamHI + Esp3I,NEW ENGLAND BIOLABS PTE LTD,NEB,3,SGD,1500.33,1500.33,Enzymes & Molecular Biology,03INS002449C220OOE02,Other expenses,KHOR KAI HE,Received,9100315631.pdf
9100315635,2026-08-10,PR745651,HPA for BamH1 and EcoR1 (GB),INTEGRATED DNA TECHNOLOGIES,IDT,2,SGD,151.12,151.12,Oligos & Synthetic DNA,03INS002449C220OOE02,Teaching materials/Lab and research consumables,KHOR KAI HE,Received,9100315635.pdf
9100315636,2026-08-10,PR746420,Low-Bind Tubes,Sigma-Aldrich Pte Ltd,Merck / Sigma-Aldrich,1,SGD,25.07,25.07,Lab Consumables & Plastics,03INS002449C220OOE02,Teaching materials/Lab and research consumables,MC MORROW AIDAN HENRYK,Ordered,9100315636.pdf
9100315754,2026-08-11,PR746423,Qubit Reagents,Life Technologies Holdings Pte Ltd,Thermo Fisher Scientific,2,SGD,583.15,583.15,Enzymes & Molecular Biology,03INS002449C220OOE02,Teaching materials/Lab and research consumables,MC MORROW AIDAN HENRYK,Ordered,9100315754.pdf
9100315789,2026-08-11,PR745041,Genotyping primers,INTEGRATED DNA TECHNOLOGIES,IDT,20,SGD,86.76,86.76,Oligos & Synthetic DNA,03INS002449C220OOE02,Teaching materials/Lab and research consumables,Chen Gao Bin,Ordered,9100315789.pdf
9100315916,2026-08-12,PR745736,cloner2,STEMCELL TECHNOLOGIES SINGAPORE,STEMCELL Technologies,1,SGD,475.24,475.24,Cell Culture,03INS002449C220OOE02,Teaching materials/Lab and research consumables,Zhao Xueting,Received,9100315916.pdf
9100316298,2026-08-12,PR747502,Cas nuclease 500ug,INTEGRATED DNA TECHNOLOGIES,IDT,1,SGD,1046.4,1046.4,Oligos & Synthetic DNA,,,richard.she,Ordered,9100316298.pdf
9100316319,2026-08-13,PR747519,Monarch DNA Gel Extraction x PCR cleanup (Buy 2 free 1),NEW ENGLAND BIOLABS PTE LTD,NEB,2,SGD,653.12,653.12,Enzymes & Molecular Biology,03INS002450C220OOE02,Other expenses,KHOR KAI HE,Ordered,9100316319.pdf
9100316336,2026-08-13,PR746982,Addgene_13/Aug,Addgene Inc.,Addgene,1,USD,342.0,444.6,Oligos & Synthetic DNA,03INS002449C220OOE02,Teaching materials/Lab and research consumables,Zhao Xueting,Received,9100316336.pdf
9100316789,2026-08-17,PR748184,DNA/RNA Shield,SPD SCIENTIFIC PTE LTD,SPD SCIENTIFIC,1,SGD,140.85,140.85,Enzymes & Molecular Biology,03INS002449C220OOE05,Teaching materials/Lab and research consumables,MC MORROW AIDAN HENRYK,Ordered,9100316789.pdf
9100317433,2026-08-20,PR748998,bulk order thermo,Life Technologies Holdings Pte Ltd,Thermo Fisher Scientific,1,SGD,3985.04,3985.04,Cell Culture,03INS002449C220OOE02,Teaching materials/Lab and research consumables,Zhao Xueting,Ordered,9100317433.pdf
9100317655,2026-08-21,PR749405,sgRNA GAPDH,INTEGRATED DNA TECHNOLOGIES,IDT,1,SGD,311.3,311.3,Oligos & Synthetic DNA,03INS002449C220OOE02,Teaching materials/Lab and research consumables,KHOR KAI HE,Ordered,9100317655.pdf
9100317797,2026-08-23,PR749892,barcode_IDT,INTEGRATED DNA TECHNOLOGIES,IDT,1,SGD,13.08,13.08,Oligos & Synthetic DNA,03INS002449C220OOE02,Teaching materials/Lab and research consumables,Zhao Xueting,Ordered,9100317797.pdf
9100317864,2026-08-24,PR749323,Laminin-111,VIVACELL CULTURE PTE LTD,VIVACELL CULTURE,1,SGD,3024.75,3024.75,Cell Culture,03INS002449C220OOE02,Teaching materials/Lab and research consumables,MC MORROW AIDAN HENRYK,Ordered,9100317864.pdf
9100317971,2026-08-24,PR750249,Mirxes Sequencing,MIRXES PTE. LTD.,MIRXES,3,SGD,2671.59,2671.59,Sequencing & External Services,03INS002449C220OOE05,Teaching materials/Lab and research consumables,MC MORROW AIDAN HENRYK,Ordered,9100317971.pdf
9100318044,2026-08-24,PR750360,Hairpin 3,INTEGRATED DNA TECHNOLOGIES,IDT,1,SGD,9.47,9.47,Oligos & Synthetic DNA,03INS002449C220OOE02,Teaching materials/Lab and research consumables,KHOR KAI HE,Ordered,9100318044.pdf
9100318045,2026-08-24,PR750362,G418,BIOMEDIX SINGAPORE PTE LTD,BIOMEDIX,1,SGD,76.3,76.3,Chemicals & Small Molecules,03INS002449C220OOE02,Teaching materials/Lab and research consumables,Zhao Xueting,Ordered,9100318045.pdf
9100318071,2026-08-24,PR750364,E.Z.N.A Plasmid DNA Mini Kit I  200 preps,SIMPLY SCIENCE,SIMPLY SCIENCE,1,SGD,1329.8,1329.8,Enzymes & Molecular Biology,03INS002449C220OOE02,Other expenses,KHOR KAI HE,Received,9100318071.pdf
9100318430,2026-08-26,PR747594,Gaia Science tissue culture hood tubing system,GAIA SCIENCE PTE LTD,GAIA SCIENCE,2,SGD,261.6,261.6,Facilities & Maintenance,03INS002449C220OOE02,Teaching materials/Lab and research consumables,Chen Gao Bin,Received,9100318430.pdf
9100318959,2026-08-28,PR749913,lipofectamine stem,Life Technologies Holdings Pte Ltd,Thermo Fisher Scientific,1,SGD,1612.93,1612.93,Cell Culture,03INS002449C220OOE02,Teaching materials/Lab and research consumables,Zhao Xueting,Received,9100318959.pdf
9100319113,2026-08-31,PR752015,NEBuilder,NEW ENGLAND BIOLABS PTE LTD,NEB,1,SGD,1442.07,1442.07,Enzymes & Molecular Biology,03INS002449C220OOE02,Teaching materials/Lab and research consumables,Zhao Xueting,Received,9100319113.pdf
9100319343,2026-09-01,PR752325,Wall Mounted Pipettor Hanger,KYBERLIFE PTE LTD,KYBERLIFE,1,SGD,138.67,138.67,Equipment & Instruments,03INS002449C220OOE02,Teaching materials/Lab and research consumables,MC MORROW AIDAN HENRYK,Ordered,9100319343.pdf
9100319346,2026-09-01,PR751713,Anti-Girk2 Antibody,KYBERLIFE PTE LTD,KYBERLIFE,1,SGD,1534.88,1534.88,Proteins & Antibodies,03INS002449C220OOE02,Teaching materials/Lab and research consumables,MC MORROW AIDAN HENRYK,Ordered,9100319346.pdf
9100319936,2026-09-03,PR753296,Taobao order,TTM SCIENTIFIC SUPPLY PTE LTD,TTM SCIENTIFIC SUPPLY,1,SGD,531.5,531.5,Facilities & Maintenance,03INS002449C220OOE02,Other expenses,KHOR KAI HE,Shipped,9100319936.pdf
9100320097,2026-09-05,PR752108,dinocoin,Plasmidsaurus Inc.,Plasmidsaurus,1,USD,3000.0,3900.0,Sequencing & External Services,03INS002449C220OOE02,Teaching materials/Lab and research consumables,Zhao Xueting,Ordered,9100320097.pdf
9100320185,2026-09-07,PR753763,NEST lab consumables,"Wuxi NEST Biotechnology Co., Ltd.",NEST Biotechnology,5,USD,1831.08,2380.4,Lab Consumables & Plastics,03INS002449C220OOE02,Teaching materials/Lab and research consumables,Chen Gao Bin,Ordered,9100320185.pdf
9100320202,2026-09-07,PR753773,Chiron,AXIL SCIENTIFIC PTE LTD,AXIL SCIENTIFIC,1,SGD,220.18,220.18,Chemicals & Small Molecules,03INS002449C220OOE02,Teaching materials/Lab and research consumables,MC MORROW AIDAN HENRYK,Ordered,9100320202.pdf
9100320481,2026-09-08,PR754249,TypLE,Life Technologies Holdings Pte Ltd,Thermo Fisher Scientific,1,SGD,239.8,239.8,Cell Culture,03INS002449C220OOE02,Teaching materials/Lab and research consumables,Chen Gao Bin,Ordered,9100320481.pdf
9100320895,2026-09-10,PR753775,FGF8b,Life Technologies Holdings Pte Ltd,Thermo Fisher Scientific,1,SGD,298.66,298.66,Proteins & Antibodies,03INS002449C220OOE02,Teaching materials/Lab and research consumables,MC MORROW AIDAN HENRYK,Ordered,9100320895.pdf
9100320943,2026-09-10,PR755070,IDT_Primers,INTEGRATED DNA TECHNOLOGIES,IDT,2,SGD,58.1,58.1,Oligos & Synthetic DNA,03INS002449C220OOE02,Teaching materials/Lab and research consumables,MC MORROW AIDAN HENRYK,Ordered,9100320943.pdf
9100320990,2026-09-10,PR755114,Circularization of linear DNA + strand removal for a ss linear circula,NEW ENGLAND BIOLABS PTE LTD,NEB,3,SGD,490.5,490.5,Enzymes & Molecular Biology,03INS002449C220OOE02,Other expenses,KHOR KAI HE,Ordered,9100320990.pdf
9100321080,2026-09-11,PR755235,accutase,Life Technologies Holdings Pte Ltd,Thermo Fisher Scientific,1,SGD,137.34,137.34,Cell Culture,03INS002449C220OOE02,Asset Expense - Furniture & Equipment,Zhao Xueting,Ordered,9100321080.pdf
9100321172,2026-09-11,PR755414,HA antibody,GENOMAX TECHNOLOGIES PTE. LTD.,GENOMAX TECHNOLOGIES,1,SGD,374.96,374.96,Proteins & Antibodies,03INS002449C220OOE02,Teaching materials/Lab and research consumables,Zhao Xueting,Ordered,9100321172.pdf
9100321341,2026-09-14,PR755280,DPBS +Ca/+Mg,Life Technologies Holdings Pte Ltd,Thermo Fisher Scientific,1,SGD,90.47,90.47,Cell Culture,03INS002449C220OOE02,Teaching materials/Lab and research consumables,MC MORROW AIDAN HENRYK,Ordered,9100321341.pdf
9100321357,2026-09-14,PR755738,T4 DNA ligase buffer,NEW ENGLAND BIOLABS PTE LTD,NEB,1,SGD,121.64,121.64,Enzymes & Molecular Biology,03INS002449C220OOE02,Other expenses,KHOR KAI HE,Ordered,9100321357.pdf
9100321494,2026-09-14,PR755948,PS bonded keppel primers,INTEGRATED DNA TECHNOLOGIES,IDT,2,SGD,105.3,105.3,Oligos & Synthetic DNA,03INS002449C220OOE02,Teaching materials/Lab and research consumables,KHOR KAI HE,Ordered,9100321494.pdf
9100321618,2026-09-15,PR756083,4-Hydroxytamoxifen,HAOYUAN CHEMEXPRESS CO LIMITED,MedChemExpress (HaoYuan),1,USD,90.0,117.0,Chemicals & Small Molecules,03INS002449C220OOE02,Teaching materials/Lab and research consumables,Zhao Xueting,Ordered,9100321618.pdf
9100321619,2026-09-15,PR756072,Takara gibson mastermix,SINGLAB TECHNOLOGIES PTE LTD,SINGLAB TECHNOLOGIES,2,SGD,1893.33,1893.33,Enzymes & Molecular Biology,03INS002449C220OOE02,Teaching materials/Lab and research consumables,Zhao Xueting,Ordered,9100321619.pdf
