requisition,note
PR752106,no purchase order issued (Denied)
PR748227,no purchase order issued (Denied)
PR747971,no purchase order issued (Denied)
PR744757,no purchase order issued (Denied)
PR745039,no purchase order issued (Denied)
PR745654,no purchase order issued (Denied)
PR735117,no purchase order issued (Denied)
PR735084,no purchase order issued (Denied)
PR730996,no purchase order issued (Denied)
PR730011,no purchase order issued (Denied)
PR727661,no purchase order issued (Denied)
PR727260,no purchase order issued (Denied)
PR726199,no purchase order issued (Denied)
PR725938,no purchase order issued (Denied)
PR720322,no purchase order issued (Denied)
PR715743,no purchase order issued (Denied)
PR712854,no purchase order issued (Denied)
PR707532,no purchase order issued (Denied)
PR706500,no purchase order issued (Denied)
PR689458,no purchase order issued (Denied)
PR696727,no purchase order issued (Denied)
